Coal Consumption per person (tonnes oil equivalent),1965,1966,1967,1968,1969,1970,1971,1972,1973,1974,1975,1976,1977,1978,1979,1980,1981,1982,1983,1984,1985,1986,1987,1988,1989,1990,1991,1992,1993,1994,1995,1996,1997,1998,1999,2000,2001,2002,2003,2004,2005,2006,2007,2008,2009,2010,2011
Abkhazia,,,,,,,,,,,,,,,,,,,,,,,,,,,,,,,,,,,,,,,,,,,,,,,
Afghanistan,,,,,,,,,,,,,,,,,,,,,,,,,,,,,,,,,,,,,,,,,,,,,,,
Akrotiri and Dhekelia,,,,,,,,,,,,,,,,,,,,,,,,,,,,,,,,,,,,,,,,,,,,,,,
Albania,,,,,,,,,,,,,,,,,,,,,,,,,,,,,,,,,,,,,,,,,,,,,,,
Algeria,0.005871004634571,0.00556016495047,0.004135968698353,0.004248593059097,0.00524780195815,0.006038038917707,0.002117763311572,0.002054701777502,0.001993041494925,0.001932474571694,0.001872870195425,0.001814517263106,0.003573895144963,0.001702151224108,0.003954855760918,0.003030109882948,0.008640898307788,0.042646049532715,0.035207253445555,0.035179281362866,0.034120274783153,0.040345421855994,0.042438672272161,0.041688792167932,0.03664651918875,0.02474388302357,0.027419384695124,0.022705049471215,0.022120064249033,0.021404567734755,0.020253367864678,0.016778491432982,0.011387372880756,0.017018440643083,0.017608552573656,0.015196260855215,0.016138291472649,0.019019238309402,0.018769508616771,0.018736853334703,0.016784008269894,0.017459295733337,0.01704682612724,0.01678864673864,0.005493535825064,,
American Samoa,,,,,,,,,,,,,,,,,,,,,,,,,,,,,,,,,,,,,,,,,,,,,,,
Andorra,,,,,,,,,,,,,,,,,,,,,,,,,,,,,,,,,,,,,,,,,,,,,,,
Angola,,,,,,,,,,,,,,,,,,,,,,,,,,,,,,,,,,,,,,,,,,,,,,,
Anguilla,,,,,,,,,,,,,,,,,,,,,,,,,,,,,,,,,,,,,,,,,,,,,,,
Antigua and Barbuda,,,,,,,,,,,,,,,,,,,,,,,,,,,,,,,,,,,,,,,,,,,,,,,
Argentina,0.039243602216443,0.039474826553889,0.03970374122993,0.039960215094236,0.040182968425544,0.040361320545688,0.038480300527045,0.0358987016085,0.035841408586388,0.04139680458767,0.043100256680434,0.040161982637039,0.037027155143074,0.04025198548687,0.040235555904544,0.033592785762631,0.032246136686997,0.035274572722514,0.024415941973324,0.023645688192036,0.029155729150194,0.031871750671773,0.033162988991391,0.034826041558656,0.034423650688428,0.029287024543078,0.024778220572637,0.024269512277914,0.021717357421355,0.030214682290292,0.026595775202294,0.025023299582485,0.022959586451929,0.023108019168974,0.024000418816887,0.021093556584576,0.017076779236867,0.014286723385136,0.017157329899482,0.019639664067328,0.024533898583326,0.006534465461506,0.009677894768821,0.028629487546274,0.028904857838271,0.024151017500184,0.026504198095007
Armenia,,,,,,,,,,,,,,,,,,,,,,,,,,,,,,,,,,,,,,,,,,,,,,,
Aruba,,,,,,,,,,,,,,,,,,,,,,,,,,,,,,,,,,,,,,,,,,,,,,,
Australia,1.40900332052258,1.42872208177955,1.43673170982793,1.43975088504643,1.44415377910452,1.41723467471804,1.38180757979248,1.41221781833077,1.45455362806355,1.51192751422089,1.55479850781968,1.59674572008568,1.64718409054597,1.66715749788947,1.72061365627741,1.77373638673601,1.80021074212881,1.77160970487024,1.72818005613288,1.80725970328247,1.87028427663443,1.91951259942816,1.98187864003476,2.06895266732415,2.13055486425769,2.1341018016163,2.16066702275028,2.16052029722628,2.15343658233946,2.17484386008506,2.22723277452815,2.29439480341894,2.3809495948029,2.44279417781928,2.42718958857366,2.4368208286088,2.48805645558652,2.60410097540799,2.48830057610699,2.52611928342833,2.62414760208392,2.70084792167727,2.56327982967231,2.5383920612508,2.48707927343199,1.96906455670756,2.20346793766969
Austria,0.645430698753374,0.600866292207814,0.547515791554606,0.542693243354171,0.512273712136891,0.532286226939844,0.46307342848123,0.472333042227371,0.470158945508976,0.45254267543494,0.428449014567266,0.415140614867179,0.381088455686224,0.371904922387645,0.406931680868693,0.432519190472443,0.408252046330245,0.402349455681506,0.41442072808699,0.477157871317025,0.459414565888951,0.426369050150669,0.434390261748147,0.399600530959837,0.408228289224764,0.468417171054922,0.466346795944907,0.36023503986434,0.310346477031746,0.31060664695691,0.3491848908164,0.37271696725216,0.387001127634728,0.345030044067809,0.348291368460707,0.353666690319402,0.383157014759009,0.369167168023888,0.406676227082203,0.398384812852595,0.37158979207978,0.372527802999755,0.357169374940356,0.336018363409554,0.271218388272182,0.307256300124237,0.294177701505534
Azerbaijan,,,,,,,,,,,,,,,,,,,,,0.01379279119768,0.013577616295973,0.013367896125635,0.013162209351235,0.012958752151047,0.012341070583713,0.009143549635145,0.004029049446509,0.003967165096881,0.003911478036725,0.003863590527403,0.003823940672835,0.003790898104197,,,,0.003662349001351,0.003623078138202,0.003581348480368,0.003537874360175,0.00349328625315,0.003447594664916,0.003400970319505,0.003354353951429,0.00330884639938,0.003265205545233,0.003223718660485
Bahamas,,,,,,,,,,,,,,,,,,,,,,,,,,,,,,,,,,,,,,,,,,,,,,,
Bahrain,,,,,,,,,,,,,,,,,,,,,,,,,,,,,,,,,,,,,,,,,,,,,,,
Bangladesh,,,,,,,,0.001606734284959,0.00203094707835,0.002156179250368,0.002040175359873,0.001596026908903,0.001190545075234,0.00107800635398,0.00113603385003,0.001227915764433,0.001532269055443,0.001338713301112,0.000640294154794,0.000333969976589,0.000671842031994,0.001001840232868,0.00111876007718,0.000639601387623,0.001499781455547,0.002669680878889,0.000835121506328,0.00076207373145,0.000266322317828,0.000260735762426,0.002732218297739,0.001467538849464,0.002639527141216,0.0007451722991,0.000235821542237,0.002546448081107,0.002652628773304,0.002606757364544,0.002563825182635,0.002524644115165,0.002638918014593,0.003322714205673,0.003112044616439,0.004316795013414,0.004271232950223,0.006052774911135,0.006342845357643
Barbados,,,,,,,,,,,,,,,,,,,,,,,,,,,,,,,,,,,,,,,,,,,,,,,
Belarus,,,,,,,,,,,,,,,,,,,,,0.105815840631343,0.118857851574767,0.12723651767086,0.131072364521875,0.130479082217569,0.112089047438034,0.102873035810512,0.071466864184507,0.058050722741206,0.024093747215982,0.02462471400536,0.044902782547343,0.054094407677016,0.03622971173062,0.008607454372082,0.00914712049641,0.010289905602604,0.010036751573236,0.009276131998148,0.011547683322005,0.00987267104199,0.007057507331369,0.003083809302167,0.0030989526573,0.003113319861652,0.003126491271201,0.003138258816598
Belgium,,,,,,,,,,,,,,,,,,,,,,,,,,,,,,,,,,,,,,,,,,,,,,,
Belize,,,,,,,,,,,,,,,,,,,,,,,,,,,,,,,,,,,,,,,,,,,,,,,
Benin,,,,,,,,,,,,,,,,,,,,,,,,,,,,,,,,,,,,,,,,,,,,,,,
Bermuda,,,,,,,,,,,,,,,,,,,,,,,,,,,,,,,,,,,,,,,,,,,,,,,
Bhutan,,,,,,,,,,,,,,,,,,,,,,,,,,,,,,,,,,,,,,,,,,,,,,,
Bolivia,,,,,,,,,,,,,,,,,,,,,,,,,,,,,,,,,,,,,,,,,,,,,,,
Bosnia and Herzegovina,,,,,,,,,,,,,,,,,,,,,,,,,,,,,,,,,,,,,,,,,,,,,,,
Botswana,,,,,,,,,,,,,,,,,,,,,,,,,,,,,,,,,,,,,,,,,,,,,,,
Brazil,0.02055955574201,0.02167517688299,0.021814735634988,0.020920200856687,0.022768011988735,0.02454248151591,0.024622853109922,0.024189549188427,0.023391553440813,0.023811909415334,0.027886584944866,0.031126805896235,0.036988029823776,0.039625100398441,0.042692818400975,0.045328366674263,0.045654318853616,0.046535821018809,0.050943199229692,0.062250654844575,0.072522823367754,0.072413092781963,0.071337227436164,0.069515981120476,0.067353926910363,0.063701883577761,0.067250800865876,0.064017760193106,0.065445399706919,0.064749644723888,0.066704495538232,0.068996141254348,0.068886302591261,0.066997339166734,0.06922332286711,0.071715477976838,0.069059237080022,0.06386886815012,0.06480097341743,0.069449967191281,0.06808541699729,0.066695676306474,0.070385331104789,0.070391417682891,0.058277865779896,0.071445253663736,0.070499092385206
British Virgin Islands,,,,,,,,,,,,,,,,,,,,,,,,,,,,,,,,,,,,,,,,,,,,,,,
Brunei,,,,,,,,,,,,,,,,,,,,,,,,,,,,,,,,,,,,,,,,,,,,,,,
Bulgaria,0.730854530572842,0.748046676273636,0.806526304181504,0.870255146782478,0.869210027599463,0.944806169262714,0.926925879648796,0.949849019403111,0.951962973583635,0.931065770241811,0.971710317949028,0.902240798805784,0.89558780420472,0.952067574551102,0.978879339907787,1.02375028437508,1.03640128890878,1.08560070354284,1.07864473620026,1.07837229217546,1.12472444083797,1.15656603831305,1.15729805009256,1.08123710480094,1.10864182983018,0.992752509804211,0.863201492754117,0.874667852771912,0.951289954558186,0.888405415829238,0.905150213770537,0.921913436353463,0.944497736523312,0.903535473053586,0.791244274077695,0.800383904489519,0.893836641539674,0.828617351855507,0.920649526021104,0.916399415599588,0.88291749121185,0.891082928453271,1.00310420438615,0.989550963587106,0.843467449342236,0.909754198239416,1.13341823402342
Burkina Faso,,,,,,,,,,,,,,,,,,,,,,,,,,,,,,,,,,,,,,,,,,,,,,,
Burundi,,,,,,,,,,,,,,,,,,,,,,,,,,,,,,,,,,,,,,,,,,,,,,,
Cambodia,,,,,,,,,,,,,,,,,,,,,,,,,,,,,,,,,,,,,,,,,,,,,,,
Cameroon,,,,,,,,,,,,,,,,,,,,,,,,,,,,,,,,,,,,,,,,,,,,,,,
Canada,0.786461838992317,0.755647872673433,0.733201517695925,0.780203591525893,0.738757227329379,0.779486716653954,0.729757142356297,0.679508115429466,0.691453730062778,0.69450706893057,0.667911949181135,0.781513907744632,0.986866621667394,0.801980710503691,0.750784278238254,0.904487577954993,0.91406312949611,0.95637570787953,0.990677871108563,1.09176058080633,1.03706964938326,0.948683157486228,1.00535941454833,1.06403951588905,1.04677333243078,0.979644097677126,0.936410767139515,0.942683680958014,0.827687083221353,0.868378303240718,0.860829633078945,0.887434788387688,0.935052900558689,1.02133325587304,1.00466476884555,1.03657277910052,1.09673139831163,1.00957747722182,0.854346284243624,0.890659316600731,1.03053550162397,0.892755585162256,0.905054325523419,0.897037856545958,0.747935531733345,0.705711459511736,0.635401550164475
Cape Verde,,,,,,,,,,,,,,,,,,,,,,,,,,,,,,,,,,,,,,,,,,,,,,,
Cayman Islands,,,,,,,,,,,,,,,,,,,,,,,,,,,,,,,,,,,,,,,,,,,,,,,
Central African Republic,,,,,,,,,,,,,,,,,,,,,,,,,,,,,,,,,,,,,,,,,,,,,,,
Chad,,,,,,,,,,,,,,,,,,,,,,,,,,,,,,,,,,,,,,,,,,,,,,,
Channel Islands,,,,,,,,,,,,,,,,,,,,,,,,,,,,,,,,,,,,,,,,,,,,,,,
Chile,0.134592798441912,0.13560829814298,0.132787047420246,0.130147002123457,0.127656518859921,0.133958794567141,0.127038498817127,0.103163928893456,0.11014824944022,0.102728774495428,0.080814828465248,0.080404124372127,0.085356484126306,0.082082223566947,0.089573288101999,0.097505845207055,0.095872191090196,0.062894314822394,0.074181937133668,0.098419667339845,0.096884298425114,0.090490636331129,0.091701127812041,0.125653703576159,0.166871358082779,0.183426814786158,0.147959892220862,0.127939192768029,0.129223174884184,0.151676662041116,0.163087803142057,0.218717143302584,0.279648879605295,0.246024346303338,0.253421235924863,0.19351717464925,0.150023711564835,0.149445726369205,0.141323888098047,0.161974097905625,0.157060056094674,0.194107881282753,0.228112544491033,0.241575970217367,0.218763775942031,0.245687150275922,0.306535935412236
China,0.158157243817292,0.165162377114527,0.142868627544771,0.137753924993787,0.161593102640345,0.199970155268454,0.224553054108119,0.231899352863268,0.229772764291082,0.222757530725619,0.246157234346037,0.248295256527698,0.268939456216669,0.293461927419941,0.299767328925204,0.310104127621435,0.303261145766074,0.316798335650556,0.335017698042702,0.360382490100965,0.378389416279064,0.39311421311792,0.417305490506116,0.438333152959024,0.450957543545666,0.442792149919095,0.451736470250624,0.459948119326588,0.481598858967416,0.509453164699187,0.547947128691971,0.546448108697296,0.547234092352336,0.540117516392482,0.560524895258782,0.559158745752165,0.564055694077781,0.591339254551309,0.696034629038556,0.819342809897423,0.907163348448441,1.00234735121218,1.05377746003942,1.08490964371634,1.18319678908028,1.24966020558372,1.36501412149183
Christmas Island,,,,,,,,,,,,,,,,,,,,,,,,,,,,,,,,,,,,,,,,,,,,,,,
Cocos Island,,,,,,,,,,,,,,,,,,,,,,,,,,,,,,,,,,,,,,,,,,,,,,,
Colombia,0.108537895920134,0.105422837706409,0.112393670374997,0.099526199913675,0.10339969438149,0.105157987569604,0.086589833017934,0.081628506121937,0.089614281267261,0.098285158804395,0.074872900746872,0.084878816421396,0.085653323414713,0.084361024054031,0.083360609508416,0.084093317386859,0.084043769995414,0.090911504002206,0.103030463567123,0.102862664548332,0.096420765818932,0.094088444574365,0.103578921973988,0.098611078470541,0.100406907516085,0.106826663513568,0.110664792002333,0.105689372556749,0.105701267447822,0.099419059156016,0.092693845833648,0.077871083263023,0.079973413141911,0.073128665164602,0.060328387437037,0.067975774972874,0.065854254737765,0.053288688659096,0.058156929969711,0.047138526303392,0.061988043928241,0.055748121018277,0.053052458780799,0.061725402304975,0.076334968266995,0.086553920770567,0.091418342802803
Comoros,,,,,,,,,,,,,,,,,,,,,,,,,,,,,,,,,,,,,,,,,,,,,,,
"Congo, Dem. Rep.",,,,,,,,,,,,,,,,,,,,,,,,,,,,,,,,,,,,,,,,,,,,,,,
"Congo, Rep.",,,,,,,,,,,,,,,,,,,,,,,,,,,,,,,,,,,,,,,,,,,,,,,
Cook Is,,,,,,,,,,,,,,,,,,,,,,,,,,,,,,,,,,,,,,,,,,,,,,,
Costa Rica,,,,,,,,,,,,,,,,,,,,,,,,,,,,,,,,,,,,,,,,,,,,,,,
Cote d'Ivoire,,,,,,,,,,,,,,,,,,,,,,,,,,,,,,,,,,,,,,,,,,,,,,,
Croatia,,,,,,,,,,,,,,,,,,,,,,,,,,,,,,,,,,,,,,,,,,,,,,,
Cuba,,,,,,,,,,,,,,,,,,,,,,,,,,,,,,,,,,,,,,,,,,,,,,,
Cyprus,,,,,,,,,,,,,,,,,,,,,,,,,,,,,,,,,,,,,,,,,,,,,,,
Czech Republic,3.64699981974575,3.62835627075602,3.50233272921812,3.61886873787604,3.75349954145176,3.79002137429034,3.93625132373546,3.86605835757357,3.76732344315356,3.73599241717754,3.79637926006929,3.84876209828085,3.90839978555928,3.90058867737811,3.88187630412896,3.74707428837162,3.72267884728093,3.74698164666406,3.72475935628005,3.7952598177522,3.71319088028127,3.69652855814902,3.65374111128177,3.69660857474545,3.55397394050161,3.24865729606498,2.95028781047682,2.45945620478934,2.29333106458256,2.24663240062229,2.27272352865305,2.29291593727886,2.21193039927024,1.99451156648399,1.85257109051508,2.04619985179964,2.07174060731876,2.01821832606886,2.03454600484914,2.04790100439487,1.99713559955846,2.05267752668052,2.05933470855018,1.91358899696927,1.66508057915263,1.73011238011009,1.81954987012417
Czechoslovakia,,,,,,,,,,,,,,,,,,,,,,,,,,,,,,,,,,,,,,,,,,,,,,,
Denmark,0.438528753891234,0.493438169131668,0.455905812592069,0.517477137564009,0.446400492715054,0.413901910116737,0.275252501319296,0.265046395148488,0.362947235249436,0.423517569429891,0.491282308086179,0.498128081921396,0.656508868365163,0.67460888443848,0.818170697725497,1.15790940744786,1.05336181065831,1.10703426476996,1.06134052015648,1.22608335959352,1.39233795640379,1.42740603953094,1.39753840934293,1.35022797299075,1.07619168102466,1.17466641924562,1.61996865978486,1.30258079983914,1.38710976100721,1.48885155248269,1.2515850225591,1.70307083651985,1.27141799297101,1.05799459549114,0.888640290138799,0.754564892861711,0.781918781640592,0.781490462632299,1.0556251691201,0.848104172376247,0.680143571923614,1.03386818101332,0.863757124076407,0.746364768817924,0.722188415518616,0.683586113652588,0.576176680913772
Djibouti,,,,,,,,,,,,,,,,,,,,,,,,,,,,,,,,,,,,,,,,,,,,,,,
Dominica,,,,,,,,,,,,,,,,,,,,,,,,,,,,,,,,,,,,,,,,,,,,,,,
Dominican Republic,,,,,,,,,,,,,,,,,,,,,,,,,,,,,,,,,,,,,,,,,,,,,,,
East Germany,,,,,,,,,,,,,,,,,,,,,,,,,,,,,,,,,,,,,,,,,,,,,,,
Ecuador,,,,,,,,,,,,,,,,,,,,,,,,,,,,,,,,,,,,,,,,,,,,,,,
Egypt,0.012684432993413,0.008408271025948,0.012628708837816,0.012816532591333,0.013508163162538,0.012164812442114,0.009550718423543,0.008462567562159,0.007810610605159,0.012303197868587,0.014003721551296,0.013598675498755,0.014489392727864,0.01530699399621,0.017031924794671,0.013391914580407,0.016882017403252,0.016888180113374,0.015535493870347,0.015408552927793,0.015850887170997,0.015568482362759,0.01625083708739,0.017305449636732,0.017640575219997,0.015621900743756,0.016755134119931,0.016778417707759,0.019326754828102,0.019055552112011,0.018980465427437,0.018710245283553,0.018613826618327,0.019047852078301,0.015724421226939,0.020059596662562,0.017651832469245,0.018596463747754,0.018923491651908,0.017928478768027,0.01692649031447,0.0160252056503,0.015687228225594,0.015078527464459,0.014501443326396,0.010860309460635,0.010863601277346
El Salvador,,,,,,,,,,,,,,,,,,,,,,,,,,,,,,,,,,,,,,,,,,,,,,,
Equatorial Guinea,,,,,,,,,,,,,,,,,,,,,,,,,,,,,,,,,,,,,,,,,,,,,,,
Eritrea,,,,,,,,,,,,,,,,,,,,,,,,,,,,,,,,,,,,,,,,,,,,,,,
Eritrea and Ethiopia,,,,,,,,,,,,,,,,,,,,,,,,,,,,,,,,,,,,,,,,,,,,,,,
Estonia,,,,,,,,,,,,,,,,,,,,,,,,,,,,,,,,,,,,,,,,,,,,,,,
Ethiopia,,,,,,,,,,,,,,,,,,,,,,,,,,,,,,,,,,,,,,,,,,,,,,,
Faeroe Islands,,,,,,,,,,,,,,,,,,,,,,,,,,,,,,,,,,,,,,,,,,,,,,,
Falkland Is (Malvinas),,,,,,,,,,,,,,,,,,,,,,,,,,,,,,,,,,,,,,,,,,,,,,,
Fiji,,,,,,,,,,,,,,,,,,,,,,,,,,,,,,,,,,,,,,,,,,,,,,,
Finland,0.438431008575369,0.406443928110121,0.390752752123341,0.470969862287628,0.564526290842465,0.532566449225553,0.4772041977529,0.384336221201967,0.434399840634378,0.439501977332611,0.379502452757463,0.53883721594425,0.548004058226434,0.73873668658175,0.671873264546109,0.786695143914997,0.384717287990988,0.383327293338414,0.572815455962133,0.555414936972702,0.711720396898866,0.605539425899856,0.749423247919338,0.727025244941873,0.64418371555907,0.65176746300618,0.700317019220788,0.603801646392305,0.74011230898049,0.962572900741747,0.80660918336302,0.976746754307217,0.874250888795793,0.637737273210142,0.631926222322958,0.633822827286662,0.744429315857887,0.797336311800058,1.05726889155653,0.965544452453442,0.55831599083355,0.898985479504498,0.830934190427963,0.573139309907918,0.626597617992993,0.802677430671673,0.615759798282935
France,0.924113816281989,0.83960355179862,0.841887389727584,0.800475395831035,0.789616837273678,0.745145913934682,0.661393966260659,0.572937539260027,0.566563180230519,0.579254834846003,0.502146196262016,0.566881770265868,0.560389341398861,0.570248936334792,0.531251038036568,0.514104054994806,0.463649911584178,0.525649624824013,0.4625592816341,0.457731421969122,0.415690864921905,0.352315326175526,0.32038131318537,0.30447187999207,0.34724949257725,0.336811603812214,0.352903642890869,0.31299388336512,0.256251981393723,0.238109681905455,0.251000522936484,0.265098935418758,0.230786052868437,0.275693414153256,0.244231762853937,0.235368653478085,0.203903909567017,0.207747343095005,0.220175221659008,0.211892758302594,0.217389500965842,0.196487132658874,0.19920771689882,0.192275445106786,0.157752202466275,0.170747560654142,0.142904906820013
French Guiana,,,,,,,,,,,,,,,,,,,,,,,,,,,,,,,,,,,,,,,,,,,,,,,
French Polynesia,,,,,,,,,,,,,,,,,,,,,,,,,,,,,,,,,,,,,,,,,,,,,,,
Gabon,,,,,,,,,,,,,,,,,,,,,,,,,,,,,,,,,,,,,,,,,,,,,,,
Gambia,,,,,,,,,,,,,,,,,,,,,,,,,,,,,,,,,,,,,,,,,,,,,,,
Georgia,,,,,,,,,,,,,,,,,,,,,,,,,,,,,,,,,,,,,,,,,,,,,,,
Germany,2.15259393631432,1.99508198392392,1.90920535448365,1.92534311102151,1.97262628160344,1.94026331594914,1.8434084944498,1.78332367790698,1.7957606512803,1.77482793683148,1.6311960667751,1.70868433671017,1.66513139041881,1.68461439092926,1.77896744832966,1.78250781081383,1.8082302836505,1.79748704370492,1.81278213114095,1.89751510760538,1.90061450185767,1.84408148886294,1.81208725566216,1.79033593498444,1.7577518030801,1.63821899425288,1.42211291549431,1.30002640036366,1.2101161209784,1.17246177731659,1.10558547567778,1.0934262273609,1.05434467807802,1.02938092627939,0.974234816701581,1.03089256901602,1.03132569407436,1.02667620955962,1.05699144893493,1.03449475508093,0.995134097965803,1.01197381019494,1.03826790870515,0.971308281349716,0.870397488770749,0.930977749428291,0.943900822250273
Ghana,,,,,,,,,,,,,,,,,,,,,,,,,,,,,,,,,,,,,,,,,,,,,,,
Gibraltar,,,,,,,,,,,,,,,,,,,,,,,,,,,,,,,,,,,,,,,,,,,,,,,
Greece,0.246403785286057,0.244631740822965,0.232477096668719,0.261004351643919,0.251178119127482,0.287501356192117,0.421799446702368,0.448667530708643,0.52523707480314,0.549700385414676,0.713642690512532,0.833771676396917,0.874885450279734,0.76689773867739,0.415431132247535,0.410785414245096,0.403054207244491,0.406412725240803,0.49573290942517,0.526963913535462,0.60849832076609,0.578483656859017,0.658119309656227,0.7358870365614,0.787280589001194,0.7910043018548,0.75630917997348,0.809952132254054,0.753896941934454,0.792689027772865,0.772127762031723,0.722664754685907,0.705872962820698,0.806368334576067,0.832357190948079,0.839000469923999,0.847232173974917,0.889072794155762,0.847982984900107,0.811323965591189,0.788260219827858,0.718090834544045,0.758382153709088,0.720787656041234,0.713686327295509,0.647750160968774,0.643046537801346
Greenland,,,,,,,,,,,,,,,,,,,,,,,,,,,,,,,,,,,,,,,,,,,,,,,
Grenada,,,,,,,,,,,,,,,,,,,,,,,,,,,,,,,,,,,,,,,,,,,,,,,
Guadeloupe,,,,,,,,,,,,,,,,,,,,,,,,,,,,,,,,,,,,,,,,,,,,,,,
Guam,,,,,,,,,,,,,,,,,,,,,,,,,,,,,,,,,,,,,,,,,,,,,,,
Guatemala,,,,,,,,,,,,,,,,,,,,,,,,,,,,,,,,,,,,,,,,,,,,,,,
Guernsey,,,,,,,,,,,,,,,,,,,,,,,,,,,,,,,,,,,,,,,,,,,,,,,
Guinea,,,,,,,,,,,,,,,,,,,,,,,,,,,,,,,,,,,,,,,,,,,,,,,
Guinea-Bissau,,,,,,,,,,,,,,,,,,,,,,,,,,,,,,,,,,,,,,,,,,,,,,,
Guyana,,,,,,,,,,,,,,,,,,,,,,,,,,,,,,,,,,,,,,,,,,,,,,,
Haiti,,,,,,,,,,,,,,,,,,,,,,,,,,,,,,,,,,,,,,,,,,,,,,,
Holy See,,,,,,,,,,,,,,,,,,,,,,,,,,,,,,,,,,,,,,,,,,,,,,,
Honduras,,,,,,,,,,,,,,,,,,,,,,,,,,,,,,,,,,,,,,,,,,,,,,,
"Hong Kong, China",0.032354117127165,0.027401736339459,0.021786319268,0.01558118589683,0.007635886324051,0.007579409473049,0.007489400625764,0.007374067518437,0.007233267824038,0.007069769195602,0.006888304760645,0.006687895533288,0.006474971537104,0.006267670914685,0.006084975465379,0.005936416233011,0.005823071786829,0.171171636381718,0.397273892187955,0.512867191134425,0.627374354295677,0.716446614338665,0.885266353570637,1.00965899427405,1.06711182671334,0.947900509108181,1.01176902846271,1.06220475290128,1.21782718203662,0.859288918165669,0.911736961445342,0.664137212694449,0.547698830811887,0.665309741524042,0.58736199010375,0.549141371396914,0.723545875605463,0.784288945972409,0.962441476273238,0.965858898796548,0.977616203947835,1.02637202913688,1.09719565736136,1.00734622315765,1.08529866301773,0.90022313098373,1.0818670381724
Hungary,1.07584447134768,1.02842575469819,0.889266135497433,0.874752593623377,0.884731191751305,0.895843310306318,0.863894381789164,0.836368411963157,0.837433287101036,0.79549786769536,0.754735202960083,0.761358028021193,0.770959901134733,0.76713202881789,0.770879940081349,0.755056720855399,0.75926699539239,0.79352517958629,0.748648861006413,0.7314575004013,0.721270772104995,0.715528112114067,0.71776765944003,0.679519919704083,0.610402516612266,0.538437519274656,0.559028518079293,0.445391272514065,0.383638485375933,0.349337732816485,0.344290122067642,0.358251164219328,0.362440583550717,0.328592880143385,0.336217457871718,0.317906634758478,0.335799034293035,0.30573053800208,0.330652296760584,0.303549031180094,0.265845346892257,0.285083156519785,0.28823841143484,0.283236608358946,0.249096528010156,0.26466786429205,0.273837370546359
Iceland,,,,,,,,,,,,,,,,,,,,,,,,,,,,,,,,,,,,,,,,,,,,,,,
India,0.071608796373587,0.069927549545916,0.069572695479096,0.070426945044768,0.07317072292431,0.067811109162412,0.067202074540072,0.06934904804831,0.066850423950563,0.073708161933977,0.077388722684105,0.078701027895626,0.08045682777354,0.076039296202713,0.078897564022829,0.081010905620072,0.088275934869896,0.086015346053131,0.088207816450725,0.090541346528138,0.092472610967714,0.097263604054524,0.104807890162925,0.109414747546607,0.116809911666086,0.109245936069599,0.114093064662632,0.118912837125967,0.121206796209601,0.122392566909611,0.129553883539157,0.136781291181578,0.135823030290581,0.133596859864288,0.131002168982549,0.136866375925656,0.135516811051567,0.139476776800329,0.141788480454782,0.153392527409956,0.161781387688052,0.168916369828888,0.179111082368414,0.193453206746093,0.21016420045126,0.221140054798657,0.238112764868907
Indonesia,0.001238637469594,0.00147884944839,0.001012655890506,0.000738033570373,0.000866708380763,0.000735034817839,0.000823684195592,0.000803162894029,0.000524822157158,0.000557833413535,0.00069348165867,0.000676944208333,0.000710792413275,0.000923439761733,0.001356818219485,0.001677495863879,0.001750116669583,0.00161639529397,0.001581437677426,0.001621061225728,0.005353344245154,0.00843284670773,0.012971528285035,0.013302862587272,0.01961391612095,0.021448804467561,0.021824276960797,0.021310944202326,0.020824113194547,0.024225343000575,0.028395137282089,0.034223777991727,0.04020706408808,0.044524787077431,0.054864239235318,0.064385746092731,0.077906085784486,0.082150187010591,0.10887802766269,0.098796176189552,0.111880103038596,0.131054966326836,0.162624821720129,0.128068784948381,0.145826921814525,0.171779876775985,0.181434991207988
Iran,0.008418579093867,0.009012082677934,0.009679291058475,0.010377684416236,0.011141886841636,0.011967059813074,0.012847879273985,0.021259905021209,0.022737394606129,0.025199121702344,0.021040964837407,0.018230856926928,0.017731350077045,0.017500662594531,0.016086018682447,0.01568310647655,0.011971369981337,0.01304975744907,0.012566504806839,0.018151075216783,0.018323670213938,0.018442801340506,0.018120914328193,0.017756934053796,0.017684121174967,0.019518655378602,0.020224161827537,0.02102767689117,0.02157387678976,0.022105589729947,0.022775530960213,0.018909595133071,0.015139842594059,0.015601975206893,0.016086297979192,0.016314082761587,0.015984666060647,0.017005676741873,0.016264655177924,0.015023226561448,0.017194399696541,0.017511525516545,0.018352220348488,0.012187144012797,0.013303772796828,0.010557816346176,0.010190779108042
Iraq,,,,,,,,,,,,,,,,,,,,,,,,,,,,,,,,,,,,,,,,,,,,,,,
Ireland,0.776078012711539,0.872043692228837,0.905407968003862,1.06468364763911,0.999440327042491,0.301719191905556,0.244170349513844,0.213877138442343,0.273238744540897,0.260367558585094,0.149194709775457,0.153065626191477,0.161993568368137,0.165334191110722,0.245137296129702,0.214172985062312,0.247060973663532,0.249563980996378,0.285248597004776,0.279586575189345,0.298236921787509,0.433514699228689,0.611493015466278,0.618705919679745,0.637076552296932,0.590447661275044,0.577788607388118,0.528554628487517,0.520478121971356,0.48317596889607,0.492113173290855,0.529070427381717,0.491571885576016,0.504493635421604,0.424159778402509,0.477156933366283,0.486054705081975,0.444892640113868,0.435356536058044,0.441053083993934,0.453578871978686,0.386378284452024,0.373084069986004,0.326681317550322,0.261548653602379,0.277411127765722,0.279287516334122
Isle of Man,,,,,,,,,,,,,,,,,,,,,,,,,,,,,,,,,,,,,,,,,,,,,,,
Israel,,,,,,,,,,,,,,,,0.008008976460817,0.00786081123572,0.142872073632405,0.264732449390166,0.421456282063538,0.452308622883094,0.494281540934151,0.517968208041077,0.487693941643564,0.515722699485578,0.522005916067049,0.547785979608489,0.651884109399216,0.710165453910242,0.727294555263058,0.7681806664905,0.9069081394641,0.960789658990709,1.00778562092864,0.968032196234925,1.03458830019121,1.1728319855796,1.21763786905042,1.24037602647059,1.22928602820234,1.19758437034224,1.15728886162736,1.15567159122925,1.10957965540491,1.06109942898649,1.03813921756713,1.04498274045866
Italy,0.167646473429326,0.173073247889445,0.188298039101528,0.181080823168091,0.184578878492011,0.18509221192732,0.177560134552407,0.16408985370279,0.165380353596532,0.178965938313267,0.178417423298114,0.176010961038808,0.172305967436527,0.174576788710644,0.190914312910272,0.22329666523666,0.228217215748194,0.254555796684082,0.237787130078885,0.269266697907717,0.265552782305673,0.260856949316088,0.258872220619107,0.242640964228584,0.253164147085659,0.247763904805592,0.239288481109815,0.213954953000039,0.181971396014438,0.195873982494961,0.209889618984427,0.195808300845852,0.193238328443634,0.204550372459685,0.204382776235832,0.213805665565859,0.228254864808556,0.231308905617218,0.241478636615039,0.273823625112424,0.272467554186631,0.277393660685724,0.279047519815996,0.274529870935396,0.214693592988816,0.235966967795397,0.253651033693864
Jamaica,,,,,,,,,,,,,,,,,,,,,,,,,,,,,,,,,,,,,,,,,,,,,,,
Japan,0.447881220725035,0.462364465538974,0.510326044246871,0.534127321686858,0.568291044525312,0.580453508917587,0.512250052817079,0.473260984182134,0.496515877369127,0.523641326422257,0.491299868087249,0.469006402075339,0.464150231638665,0.407390473151078,0.438580136743434,0.496951689159531,0.54428048055006,0.526713082265915,0.531402559454035,0.585731413476336,0.614606748979984,0.576915132780316,0.573202350923699,0.627555504594458,0.620669663973591,0.621351855373442,0.643863549011187,0.633134842621324,0.640273512888707,0.66097948398684,0.692435172053339,0.707246804482276,0.717778178675204,0.705737598722534,0.728716802417724,0.786436177257278,0.818524382287417,0.845738849165248,0.88907363475582,0.956314809188268,0.959563059153049,0.941805840335526,0.990671711169018,1.01674458097949,0.859585483174644,0.977689593437184,0.930712042178058
Jersey,,,,,,,,,,,,,,,,,,,,,,,,,,,,,,,,,,,,,,,,,,,,,,,
Jordan,,,,,,,,,,,,,,,,,,,,,,,,,,,,,,,,,,,,,,,,,,,,,,,
Kazakhstan,,,,,,,,,,,,,,,,,,,,,2.4166029890237,2.50845867591999,2.57485224751882,2.65682934974126,2.51617565341735,2.42940108892922,2.31205051872773,2.43005512235085,2.23594250573838,2.141051457629,1.72637534705362,1.64530963286404,1.44969035859042,1.50066926783547,1.31451471956798,1.55007517035516,1.5078872086406,1.5269430558416,1.68332634537757,1.76361233924992,1.79377056322567,1.94448727392843,2.04774569395519,2.13382770804476,2.0573511731764,1.97132103746474,1.86242215162941
Kenya,,,,,,,,,,,,,,,,,,,,,,,,,,,,,,,,,,,,,,,,,,,,,,,
Kiribati,,,,,,,,,,,,,,,,,,,,,,,,,,,,,,,,,,,,,,,,,,,,,,,
North Korea,,,,,,,,,,,,,,,,,,,,,,,,,,,,,,,,,,,,,,,,,,,,,,,
South Korea,0.174396041012652,0.193283170254896,0.180645995347783,0.167170860602873,0.171140827873798,0.179022192804644,0.177258221919629,0.177955644578478,0.220494909106251,0.223020972593142,0.231412766732734,0.253744092241488,0.272816992531098,0.272076196294478,0.32096423586283,0.352353593331256,0.400582289611588,0.399490968349559,0.419580109994563,0.497658111157138,0.543619772059849,0.568122823425547,0.568322639928985,0.59781599726338,0.575601089292102,0.567352092054128,0.565680419129649,0.540095752313158,0.587462916715476,0.601837180063391,0.629616003871556,0.717180589729922,0.768510041263139,0.793094272624936,0.835340590147055,0.935773502888516,0.989189612398934,1.05760627004231,1.09626120515982,1.13440544630777,1.16422781454161,1.15909303287298,1.25589060568395,1.38392063963027,1.43032503825844,1.5751422725217,1.6406446913449
"United Korea (former)
",,,,,,,,,,,,,,,,,,,,,,,,,,,,,,,,,,,,,,,,,,,,,,,
Kosovo,,,,,,,,,,,,,,,,,,,,,,,,,,,,,,,,,,,,,,,,,,,,,,,
Kuwait,,,,,,,,,,,,,,,,,,,,,,,,,,,,,,,,,,,,,,,,,,,,,,,
Kyrgyz Republic,,,,,,,,,,,,,,,,,,,,,,,,,,,,,,,,,,,,,,,,,,,,,,,
Lao,,,,,,,,,,,,,,,,,,,,,,,,,,,,,,,,,,,,,,,,,,,,,,,
Latvia,,,,,,,,,,,,,,,,,,,,,,,,,,,,,,,,,,,,,,,,,,,,,,,
Lebanon,,,,,,,,,,,,,,,,,,,,,,,,,,,,,,,,,,,,,,,,,,,,,,,
Lesotho,,,,,,,,,,,,,,,,,,,,,,,,,,,,,,,,,,,,,,,,,,,,,,,
Liberia,,,,,,,,,,,,,,,,,,,,,,,,,,,,,,,,,,,,,,,,,,,,,,,
Libya,,,,,,,,,,,,,,,,,,,,,,,,,,,,,,,,,,,,,,,,,,,,,,,
Liechtenstein,,,,,,,,,,,,,,,,,,,,,,,,,,,,,,,,,,,,,,,,,,,,,,,
Lithuania,,,,,,,,,,,,,,,,,,,,,0.167898860870805,0.19202222782519,0.190260745458145,0.188637050831944,0.174902140351363,0.161801352312975,0.161704877781669,0.124663172303746,0.008166362968702,0.018891491108131,0.01405305552004,0.025526880359951,0.032148695825254,0.029297293155476,0.032635853123904,0.022285536001426,0.02241622796959,0.036390921678072,0.044964420089523,0.046093270513919,0.050271480800106,0.07016100262074,0.067371140290313,0.057888876685778,0.043559043631478,0.057730868624517,0.061720675039403
Luxembourg,,,,,,,,,,,,,,,,,,,,,,,,,,,,,,,,,,,,,,,,,,,,,,,
"Macao, China",,,,,,,,,,,,,,,,,,,,,,,,,,,,,,,,,,,,,,,,,,,,,,,
"Macedonia, FYR",,,,,,,,,,,,,,,,,,,,,,,,,,,,,,,,,,,,,,,,,,,,,,,
Madagascar,,,,,,,,,,,,,,,,,,,,,,,,,,,,,,,,,,,,,,,,,,,,,,,
Malawi,,,,,,,,,,,,,,,,,,,,,,,,,,,,,,,,,,,,,,,,,,,,,,,
Malaysia,0.003134960356859,0.003047532671836,0.002966759829518,0.002891229071116,0.00281931490084,0.002749933932837,0.002682651214119,0.009074159176632,0.008430571602974,0.008231451795288,0.002436501521676,0.002380897204604,0.002327043103121,0.002274214815964,0.002221625016505,0.002168791865816,0.006559116434825,0.005845075517,0.014806829499358,0.015588376080596,0.020237449355624,0.014611438388836,0.019578792515393,0.015116220186817,0.067608635130768,0.072822884091561,0.08349470118679,0.085398488353026,0.069589447133415,0.075375718011867,0.080547044251648,0.07892841103695,0.074466867500717,0.077545258477027,0.084835823876981,0.10617167036609,0.123974420459226,0.14856014746369,0.212129328340127,0.259159148140129,0.263943922969907,0.274502415474564,0.327047190835788,0.355683119574396,0.380079783480108,0.484227286649629,0.52059669559267
Maldives,,,,,,,,,,,,,,,,,,,,,,,,,,,,,,,,,,,,,,,,,,,,,,,
Mali,,,,,,,,,,,,,,,,,,,,,,,,,,,,,,,,,,,,,,,,,,,,,,,
Malta,,,,,,,,,,,,,,,,,,,,,,,,,,,,,,,,,,,,,,,,,,,,,,,
Marshall Islands,,,,,,,,,,,,,,,,,,,,,,,,,,,,,,,,,,,,,,,,,,,,,,,
Martinique,,,,,,,,,,,,,,,,,,,,,,,,,,,,,,,,,,,,,,,,,,,,,,,
Mauritania,,,,,,,,,,,,,,,,,,,,,,,,,,,,,,,,,,,,,,,,,,,,,,,
Mauritius,,,,,,,,,,,,,,,,,,,,,,,,,,,,,,,,,,,,,,,,,,,,,,,
Mayotte,,,,,,,,,,,,,,,,,,,,,,,,,,,,,,,,,,,,,,,,,,,,,,,
Mexico,0.015330293395585,0.01595717021128,0.019022940343672,0.019364810965752,0.019075328076576,0.020793199670309,0.025262934681783,0.027177451288922,0.028354407268706,0.030073729661693,0.033677791987055,0.025295879343665,0.03468068008978,0.035858552391305,0.034200079490969,0.033859683258524,0.029297336215464,0.033312904545011,0.032403211627887,0.0328055568107,0.035288606415995,0.044148684851011,0.041954877763968,0.0440353373458,0.041072449052802,0.040761257426879,0.039103170904237,0.038577112247094,0.04304225934187,0.049199583731513,0.052651435902608,0.059846871921657,0.058706362899804,0.05891299807282,0.05880756806732,0.059051279769036,0.068022857033108,0.07584663038091,0.085681440032311,0.06744212986225,0.08742600960055,0.084697966257186,0.083296147541068,0.061198010576093,0.074898209469124,0.08258795137025,0.086194534043058
"Micronesia, Fed. Sts.",,,,,,,,,,,,,,,,,,,,,,,,,,,,,,,,,,,,,,,,,,,,,,,
Moldova,,,,,,,,,,,,,,,,,,,,,,,,,,,,,,,,,,,,,,,,,,,,,,,
Monaco,,,,,,,,,,,,,,,,,,,,,,,,,,,,,,,,,,,,,,,,,,,,,,,
Mongolia,,,,,,,,,,,,,,,,,,,,,,,,,,,,,,,,,,,,,,,,,,,,,,,
Montenegro,,,,,,,,,,,,,,,,,,,,,,,,,,,,,,,,,,,,,,,,,,,,,,,
Montserrat,,,,,,,,,,,,,,,,,,,,,,,,,,,,,,,,,,,,,,,,,,,,,,,
Morocco,,,,,,,,,,,,,,,,,,,,,,,,,,,,,,,,,,,,,,,,,,,,,,,
Mozambique,,,,,,,,,,,,,,,,,,,,,,,,,,,,,,,,,,,,,,,,,,,,,,,
Myanmar,,,,,,,,,,,,,,,,,,,,,,,,,,,,,,,,,,,,,,,,,,,,,,,
Namibia,,,,,,,,,,,,,,,,,,,,,,,,,,,,,,,,,,,,,,,,,,,,,,,
Nauru,,,,,,,,,,,,,,,,,,,,,,,,,,,,,,,,,,,,,,,,,,,,,,,
Nepal,,,,,,,,,,,,,,,,,,,,,,,,,,,,,,,,,,,,,,,,,,,,,,,
Netherlands,0.778732600615634,0.693032292782374,0.660793584823566,0.603367270802122,0.519644837578218,0.369865720917523,0.275859415078783,0.233005875557177,0.230604348055835,0.214554620058847,0.186758897131361,0.232737713932164,0.233878540815063,0.22540690942617,0.234295104860449,0.276258113662468,0.288715128030335,0.378970002234771,0.368180046472597,0.463462027966289,0.485091581014549,0.468084444580852,0.485891226875006,0.571082610337262,0.554264599701319,0.640557345998806,0.549594519820382,0.507326202206505,0.540998482048974,0.585113215882495,0.634541259284932,0.601915741849552,0.609836703839344,0.598762133377691,0.487210193608685,0.53994165604172,0.531295871750843,0.554034401859412,0.56662318052705,0.560887763279725,0.533140610533026,0.516288757347604,0.547559388725612,0.513701878228566,0.479151415388651,0.477642155643524,0.468317380894974
Netherlands Antilles,,,,,,,,,,,,,,,,,,,,,,,,,,,,,,,,,,,,,,,,,,,,,,,
New Caledonia,,,,,,,,,,,,,,,,,,,,,,,,,,,,,,,,,,,,,,,,,,,,,,,
New Zealand,0.625950341019268,0.599566438519146,0.54026809278707,0.502136545351695,0.507977589902126,0.500426124726335,0.436995213944848,0.438821433458326,0.487269784256872,0.492961568192376,0.457841628865502,0.467857581326667,0.443604155508085,0.408324180891437,0.363315003015583,0.372338190389262,0.368828814845892,0.358875146702928,0.394290685945395,0.363629572627971,0.333184322284746,0.380369804700559,0.315531591274464,0.339675216786793,0.366732670825216,0.352565650152567,0.331490245673811,0.359054662855702,0.347623325640711,0.323260168024648,0.33005474852333,0.316428911223234,0.336955871205416,0.303873288669343,0.308700635040398,0.290948910563272,0.357930888051244,0.352905754206851,0.499047839111506,0.507095368297595,0.553159067573182,0.536847388501009,0.404774022641024,0.496543315611324,0.371321517903761,0.318123041508112,0.320898939025529
Ngorno-Karabakh,,,,,,,,,,,,,,,,,,,,,,,,,,,,,,,,,,,,,,,,,,,,,,,
Nicaragua,,,,,,,,,,,,,,,,,,,,,,,,,,,,,,,,,,,,,,,,,,,,,,,
Niger,,,,,,,,,,,,,,,,,,,,,,,,,,,,,,,,,,,,,,,,,,,,,,,
Nigeria,,,,,,,,,,,,,,,,,,,,,,,,,,,,,,,,,,,,,,,,,,,,,,,
Niue,,,,,,,,,,,,,,,,,,,,,,,,,,,,,,,,,,,,,,,,,,,,,,,
Norfolk Island,,,,,,,,,,,,,,,,,,,,,,,,,,,,,,,,,,,,,,,,,,,,,,,
Northern Cyprus,,,,,,,,,,,,,,,,,,,,,,,,,,,,,,,,,,,,,,,,,,,,,,,
Northern Mariana Islands,,,,,,,,,,,,,,,,,,,,,,,,,,,,,,,,,,,,,,,,,,,,,,,
Norway,0.204942195825357,0.187031621665402,0.195001977763961,0.196797674695278,0.217559013857236,0.22231489641338,0.207603244856636,0.225185784626317,0.229738746651432,0.256435927024658,0.244552957194249,0.246114201956695,0.206012702055675,0.215109031696427,0.243599496888458,0.245984637341545,0.229097086660914,0.248323874650194,0.228628895783046,0.277176999383783,0.281513090719941,0.249519973953953,0.236344700979743,0.234632019179859,0.226707466114104,0.191319974018534,0.169416542417285,0.169302737993569,0.181920276495236,0.204119908692593,0.221572729758647,0.219032327139459,0.21602088079759,0.232843040082464,0.217036660169686,0.221050093089095,0.195533272056665,0.169146699256261,0.163579472915286,0.18363801017038,0.155485369967499,0.131974240929472,0.143706247501067,0.146066957259939,0.101915721176781,0.129893422451384,0.131518373765038
Oman,,,,,,,,,,,,,,,,,,,,,,,,,,,,,,,,,,,,,,,,,,,,,,,
Pakistan,0.026522771049112,0.021814428182742,0.020408722454317,0.02188148412277,0.019172584615987,0.015543260269738,0.011976979164677,0.009338455672813,0.00901600051952,0.008020231206262,0.007549371061459,0.007248825403588,0.007640150921648,0.007874804159065,0.008492549689157,0.008746138654325,0.009594124466918,0.01051199714742,0.01152466354793,0.012632681481552,0.013857701205337,0.015206012957975,0.016703934870652,0.016917861144879,0.01797066901422,0.018498868417334,0.017813326807347,0.017820477928948,0.018243423537065,0.017660070187339,0.017354197434212,0.017133594599234,0.015597073863809,0.015209542432091,0.014844854388013,0.014032447003018,0.014265585916721,0.01569073382783,0.019002233219502,0.024150936135238,0.026088032533272,0.026240349062471,0.031045288680154,0.031403861622554,0.02743334622897,0.025843459136919,0.023895474955711
Palau,,,,,,,,,,,,,,,,,,,,,,,,,,,,,,,,,,,,,,,,,,,,,,,
Panama,,,,,,,,,,,,,,,,,,,,,,,,,,,,,,,,,,,,,,,,,,,,,,,
Papua New Guinea,,,,,,,,,,,,,,,,,,,,,,,,,,,,,,,,,,,,,,,,,,,,,,,
Paraguay,,,,,,,,,,,,,,,,,,,,,,,,,,,,,,,,,,,,,,,,,,,,,,,
Peru,0.002616217619075,0.002543212788156,0.002472956978957,0.002405082612984,0.002339159582067,0.002274936373821,0.00221243637033,0.003869993586851,0.004182475809687,0.003661827942998,0.001980997348963,0.001927796440632,0.001876460707382,0.001827173950249,0.001780138531567,0.003006500387471,0.004511379509468,0.004073671675452,0.004677923811659,0.005306677550022,0.00385146016699,0.004066798307997,0.005353079464102,0.005237893186652,0.006444567939995,0.004792219331374,0.008447359209972,0.008685103153498,0.012567892552025,0.011442997744001,0.011449528553942,0.011374612712813,0.011222215878802,0.01309316790991,0.012502612384204,0.019145989938726,0.016565503721483,0.024956414278095,0.026597844928232,0.027386320349353,0.027258768854037,0.021345494877435,0.029304036045616,0.026360594097067,0.027775383598001,0.026480738713022,0.027999754955284
Philippines,0.000980194772543,0.000950838782432,0.00092302469408,0.000896490169268,0.000870954124146,0.000846229112809,0.000822253580537,0.000799027636635,0.000776524183021,0.00075472951249,0.001344978861334,0.001521474133466,0.003143391004234,0.003123769524149,0.002665894868251,0.003038420745334,0.003016584146561,0.003295339210866,0.010319158477317,0.016084784381469,0.022218995339173,0.01665552996906,0.018265791420894,0.021324156354314,0.01780302694385,0.016680548734235,0.020064333823893,0.017739154776445,0.019841667423008,0.019349201283434,0.020720410106443,0.028221939193397,0.03276396565762,0.036749989242423,0.038099851133058,0.055361556560011,0.057367631882772,0.058538703310175,0.057561919163234,0.059429480523525,0.066786725715616,0.063669425236559,0.066944814156272,0.077593373220378,0.072821867338712,0.082894450392329,0.087189431812898
Pitcairn,,,,,,,,,,,,,,,,,,,,,,,,,,,,,,,,,,,,,,,,,,,,,,,
Poland,1.91124363348554,1.91642446153458,1.93319704654844,2.00950053061723,2.09440943276114,2.15745803854785,2.18994753204342,2.27137384642699,2.26095263544539,2.30424135683026,2.46382960322721,2.55300126424846,2.61958740255392,2.71639458802795,2.72356034200129,2.85699717802524,2.52302949948473,2.58663361525246,2.55643319168532,2.64291142858644,2.68414402699396,2.73540231299196,2.81920022557851,2.72977244938152,2.59888972992936,2.10777888497146,2.03363595345726,1.90910746147561,1.93194596689674,1.88473522685271,1.86758737769321,1.90526082723842,1.82676777449108,1.66186993730455,1.5909569393005,1.50397713524495,1.51640546990983,1.4836322949189,1.51177474532733,1.49974753199295,1.45886908542478,1.52052604732524,1.5167373391853,1.46418511032705,1.35726370738777,1.47298923155782,1.56055117857151
Portugal,0.067531838284058,0.069142182764481,0.068741592954396,0.062366911418579,0.058850641218621,0.053775593641675,0.049472267186889,0.043307490551995,0.063206005487847,0.048396494065366,0.044766361426,0.042854302229109,0.038357564994146,0.044647672489711,0.046105408102484,0.035765656876142,0.04028020411613,0.036948419904861,0.040252021934534,0.049723731931827,0.077191358783729,0.145600646346373,0.189832670745589,0.219234620419474,0.24483122873224,0.286938350670703,0.300010064010525,0.302642668569011,0.328075777726566,0.340062880375266,0.415014682057963,0.3854836305163,0.349221610883101,0.347725698362929,0.354295475626375,0.438555373638439,0.354343589579562,0.393926811353381,0.359265142261352,0.352123635324601,0.360899243460266,0.358681481579522,0.311264026630377,0.273559580735056,0.307201486322595,0.177170834499547,0.242290145161732
Puerto Rico,,,,,,,,,,,,,,,,,,,,,,,,,,,,,,,,,,,,,,,,,,,,,,,
Qatar,,,,,,,,,,,,,,,,,,,,,,,,,,,,,,,,,,,,,,,,,,,,,,,
Reunion,,,,,,,,,,,,,,,,,,,,,,,,,,,,,,,,,,,,,,,,,,,,,,,
Romania,0.212957136031796,0.226900690947692,0.248303367269838,0.268580430114617,0.306284148021011,0.328748887793827,0.343469275105457,0.366916920838618,0.407113861800421,0.439208836961604,0.461188545673128,0.447750755343355,0.474900078400309,0.541358365190168,0.554454033151723,0.57915295299767,0.588347574792342,0.578258737094683,0.71249719548268,0.701256847299686,0.744823824258894,0.751893193258919,0.806856987362795,0.865498539498275,0.893705553614697,0.504336696626524,0.41627905310564,0.447186882518113,0.415486748935803,0.412534833656617,0.428288862981689,0.42291120570682,0.373284243443288,0.314313675840779,0.300143295086904,0.317145842431149,0.324027046688266,0.345376204506328,0.353928909638529,0.337827183045259,0.348331665958486,0.392123482072824,0.340362781305478,0.342185402341059,0.306834173901468,0.28222066909298,0.329818414810817
Russia,,,,,,,,,,,,,,,,,,,,,1.36166199955796,1.38512899246127,1.40731032926564,1.36832990452397,1.31712223332155,1.21854920304398,1.11384780317701,1.03926361217968,0.945043282559361,0.84941311840367,0.80286575967483,0.781775378474159,0.722968306163016,0.681289580329003,0.685805187127353,0.716896838749323,0.700662147280648,0.708083110238012,0.71797117111762,0.689779514618356,0.655018984948738,0.673611318074922,0.652153282079505,0.701158329206339,0.64243939698126,0.63116367387035,0.636596459543984
Rwanda,,,,,,,,,,,,,,,,,,,,,,,,,,,,,,,,,,,,,,,,,,,,,,,
St. Barth√©lemy,,,,,,,,,,,,,,,,,,,,,,,,,,,,,,,,,,,,,,,,,,,,,,,
St. Helena,,,,,,,,,,,,,,,,,,,,,,,,,,,,,,,,,,,,,,,,,,,,,,,
St. Kitts and Nevis,,,,,,,,,,,,,,,,,,,,,,,,,,,,,,,,,,,,,,,,,,,,,,,
St. Lucia,,,,,,,,,,,,,,,,,,,,,,,,,,,,,,,,,,,,,,,,,,,,,,,
St. Martin,,,,,,,,,,,,,,,,,,,,,,,,,,,,,,,,,,,,,,,,,,,,,,,
St. Vincent and the Grenadines,,,,,,,,,,,,,,,,,,,,,,,,,,,,,,,,,,,,,,,,,,,,,,,
St.-Pierre-et-Miquelon,,,,,,,,,,,,,,,,,,,,,,,,,,,,,,,,,,,,,,,,,,,,,,,
Samoa,,,,,,,,,,,,,,,,,,,,,,,,,,,,,,,,,,,,,,,,,,,,,,,
San Marino,,,,,,,,,,,,,,,,,,,,,,,,,,,,,,,,,,,,,,,,,,,,,,,
Sao Tome and Principe,,,,,,,,,,,,,,,,,,,,,,,,,,,,,,,,,,,,,,,,,,,,,,,
Saudi Arabia,,,,,,,,,,,,,,,,,,,,,,,,,,,,,,,,,,,,,,,,,,,,,,,
Senegal,,,,,,,,,,,,,,,,,,,,,,,,,,,,,,,,,,,,,,,,,,,,,,,
Serbia,,,,,,,,,,,,,,,,,,,,,,,,,,,,,,,,,,,,,,,,,,,,,,,
Serbia and Montenegro,,,,,,,,,,,,,,,,,,,,,,,,,,,,,,,,,,,,,,,,,,,,,,,
Serbia excluding Kosovo,,,,,,,,,,,,,,,,,,,,,,,,,,,,,,,,,,,,,,,,,,,,,,,
Seychelles,,,,,,,,,,,,,,,,,,,,,,,,,,,,,,,,,,,,,,,,,,,,,,,
Sierra Leone,,,,,,,,,,,,,,,,,,,,,,,,,,,,,,,,,,,,,,,,,,,,,,,
Singapore,0.015961173912419,0.015616093946421,0.015301820763653,0.015010131838991,0.014732668366162,0.014464111886655,0.014198441200469,0.013936349902724,0.013686318699617,0.013459282306203,,,,,,,,,0.011613417213175,,0.011075677148441,,,,,,,,,,,,,,,,,,,,,,,,,,
Slovak Republic,1.33622691872288,1.34161767411244,1.28408005790594,1.34116266946494,1.40088096868573,1.4017491594162,1.4586311656093,1.43824707885367,1.38130561040872,1.37204336427601,1.40777216557622,1.43735253551841,1.46432825368734,1.45694871667905,1.4510165456164,1.38846144001329,1.40316951231016,1.38251059640527,1.40357358855383,1.45183346804861,1.40007156915369,1.4003251245131,1.37192552855013,1.38504844606142,1.40273731990263,1.30301825098405,1.18840868864675,1.17030606137634,1.05106925867943,0.93317471604573,0.953641476251906,0.928299416797518,0.865508511761361,0.829048495445607,0.788506577059439,0.74414714945572,0.762893595300206,0.742396400107837,0.781449025009696,0.758393624941997,0.724771285954232,0.708940152951188,0.708227990043775,0.682134374407311,0.644915359004308,0.614755042868894,0.594213672954885
Slovenia,,,,,,,,,,,,,,,,,,,,,,,,,,,,,,,,,,,,,,,,,,,,,,,
Solomon Islands,,,,,,,,,,,,,,,,,,,,,,,,,,,,,,,,,,,,,,,,,,,,,,,
Somalia,,,,,,,,,,,,,,,,,,,,,,,,,,,,,,,,,,,,,,,,,,,,,,,
Somaliland,,,,,,,,,,,,,,,,,,,,,,,,,,,,,,,,,,,,,,,,,,,,,,,
South Africa,1.24442740592831,1.19777542918564,1.20170631934501,1.22663130290663,1.20756179877771,1.21551986716384,1.26568037923736,1.24085191388075,1.28665854722997,1.31254724560117,1.36504117885845,1.39759519828914,1.41268088983018,1.33907809877254,1.39376678902338,1.46845169267755,1.6967168175426,1.81202495101055,1.79287463464477,1.88419305762972,1.88920348827656,1.87275122456747,1.86525542734563,1.97625377657753,1.80455942067444,1.80367703272175,1.7281443935946,1.58336975975486,1.59141148201663,1.64854239190158,1.6958369804649,1.76261635243389,1.79611066127202,1.75581903071785,1.69624561895911,1.66733535327448,1.61787722762871,1.65006773275167,1.74641063469642,1.80882550050639,1.73557403128635,1.73703584418039,1.8235454633716,1.92894827129053,1.80766398152836,1.82149648602431,1.84022395134615
South Ossetia,,,,,,,,,,,,,,,,,,,,,,,,,,,,,,,,,,,,,,,,,,,,,,,
Spain,0.298892248705883,0.281107426405105,0.272927854615872,0.283762966437264,0.277723719450952,0.287969603004709,0.291345160861954,0.289843588360287,0.282553754886177,0.25940410613303,0.289099286437933,0.26530482026249,0.280176467067074,0.277489485429944,0.286265547374112,0.355697714922883,0.401986402911888,0.454215197593484,0.461951705091876,0.470971764698886,0.496957231789419,0.484497743774735,0.465517892728263,0.39354520818317,0.493967684058548,0.48789948087845,0.487233942226964,0.49319026713556,0.469806765503113,0.458256665799477,0.47482889445295,0.401244873797518,0.454698635035598,0.460562359728246,0.525345998176171,0.554675002817805,0.493168373152704,0.548269073509637,0.500620840251381,0.514835547953047,0.518810259354203,0.450930322938945,0.490198452241824,0.342664058669048,0.258358622320778,0.212340263813679,0.320403622051024
Sri Lanka,,,,,,,,,,,,,,,,,,,,,,,,,,,,,,,,,,,,,,,,,,,,,,,
Sudan,,,,,,,,,,,,,,,,,,,,,,,,,,,,,,,,,,,,,,,,,,,,,,,
Suriname,,,,,,,,,,,,,,,,,,,,,,,,,,,,,,,,,,,,,,,,,,,,,,,
Svalbard,,,,,,,,,,,,,,,,,,,,,,,,,,,,,,,,,,,,,,,,,,,,,,,
Swaziland,,,,,,,,,,,,,,,,,,,,,,,,,,,,,,,,,,,,,,,,,,,,,,,
Sweden,0.151667900827036,0.159303742599014,0.145623943272543,0.14339646056673,0.137666611015982,0.186501308804018,0.185529560115597,0.184777693341216,0.196458419514117,0.23261123867321,0.244123668656315,0.231173559876933,0.181899716988294,0.193410013150672,0.217008551583656,0.204561308046828,0.186554919628727,0.192240477458062,0.264242617001226,0.31199578181703,0.347289085350724,0.34616854683935,0.326987913571068,0.314430416808913,0.211739067868426,0.25459090256389,0.281661405389446,0.249232110452113,0.24305135180722,0.240159927626651,0.237907798039844,0.266857426587929,0.242378133832938,0.230326512400242,0.220615969275075,0.21071870880785,0.227891741171758,0.243320728061452,0.245652345190899,0.256873356044493,0.24576533513782,0.249969556823248,0.238675988994664,0.211884499427945,0.176826393416037,0.227161098232809,0.207584209173278
Switzerland,0.200177054632212,0.158870464797516,0.121004453798413,0.10501695379832,0.099762826146757,0.063704344409352,0.037933626761724,0.034609962469722,0.032006434243969,0.022552295303224,0.015575963739156,0.013217913671918,0.019713044310666,0.018508736835661,0.018235657338362,0.03569532752922,0.063019255707755,0.054880102745645,0.05002735037588,0.069981438553414,0.068934802393354,0.058369635961363,0.054664245923571,0.047024369428316,0.048504629472229,0.049147868855505,0.040355460390522,0.026706967774522,0.021766682638575,0.022266186368267,0.023936049714035,0.017844591453036,0.012975138647113,0.010544151313914,0.010789239905055,0.016601775580825,0.018313018600061,0.015851191768407,0.016832993981999,0.016437468135425,0.018610906233804,0.018210180294175,0.021670883625627,0.019146453733453,0.017844933042793,0.018396940210466,0.017941516732042
Syria,,,,,,,,,,,,,,,,,,,,,,,,,,,,,,,,,,,,,,,,,,,,,,,
Taiwan,0.230004623208507,0.222881165077697,0.220748772803868,0.217518980088812,0.195210754796247,0.186600904233457,0.162153103633195,0.15132011033758,0.132809480870797,0.132646612740142,0.118719761816152,0.12322188449848,0.138278224605302,0.14966105656849,0.185272206303725,0.214309726580009,0.194201463387798,0.22096102913356,0.299101207254162,0.349944977204842,0.366602885659616,0.444773982409491,0.484715052130782,0.550861033239888,0.57437648456057,0.543388436729461,0.585540784696467,0.683970509015324,0.740973007756392,0.779707087659413,0.795027329262565,0.896383886662317,1.00213071583715,1.08058078959421,1.12476623773173,1.29295394851914,1.37176025787966,1.4553667560465,1.55837033225392,1.6164099089382,1.67691606889564,1.73742515319112,1.83012928999519,1.75389491208935,1.68508871593976,1.74919860673181,1.80436194174757
Tajikistan,,,,,,,,,,,,,,,,,,,,,,,,,,,,,,,,,,,,,,,,,,,,,,,
Tanzania,,,,,,,,,,,,,,,,,,,,,,,,,,,,,,,,,,,,,,,,,,,,,,,
Thailand,0.000943611565696,0.001983422009589,0.003434592014585,0.003678240509055,0.003793909269218,0.003927900328419,0.004341595468448,0.003528548037512,0.003381454665496,0.003315635423378,0.003254798274325,0.003774175087296,0.002989857257695,0.00367077960303,0.007786238752192,0.007981864025556,0.009966923639271,0.01260558977174,0.008118335075169,0.015307850216152,0.0303657672278,0.030502573296071,0.03851489011586,0.04101460043923,0.04908947899824,0.065478627036719,0.077384897805237,0.082334396186691,0.091680451544376,0.103591119340521,0.118474122373224,0.143648706689504,0.143286761662075,0.117871470243706,0.126873460579712,0.123426433704907,0.137952341855637,0.142010887470434,0.143505587409397,0.156785103713371,0.168277290506802,0.183934274246581,0.208402887555574,0.223878800955915,0.210685718702913,0.221221466783322,0.199307751642134
Timor-Leste,,,,,,,,,,,,,,,,,,,,,,,,,,,,,,,,,,,,,,,,,,,,,,,
Togo,,,,,,,,,,,,,,,,,,,,,,,,,,,,,,,,,,,,,,,,,,,,,,,
Tokelau,,,,,,,,,,,,,,,,,,,,,,,,,,,,,,,,,,,,,,,,,,,,,,,
Tonga,,,,,,,,,,,,,,,,,,,,,,,,,,,,,,,,,,,,,,,,,,,,,,,
Transnistria,,,,,,,,,,,,,,,,,,,,,,,,,,,,,,,,,,,,,,,,,,,,,,,
Trinidad and Tobago,,,,,,,,,,,,,,,,,,,,,,,,,,,,,,,,,,,,,,,,,,,,,,,
Tunisia,,,,,,,,,,,,,,,,,,,,,,,,,,,,,,,,,,,,,,,,,,,,,,,
Turkey,0.115271063360483,0.125444253575054,0.108813280558692,0.11579611773137,0.120422341317421,0.130131245608952,0.131049825529919,0.135909137131348,0.134512801548481,0.142652921414352,0.144420397394309,0.148664679410787,0.150158664993622,0.150593974288709,0.152042728133413,0.154040737494631,0.1537557892744,0.166522262952918,0.180794494203875,0.204132783164604,0.23700582372783,0.255409731303248,0.264717116858439,0.25126964720238,0.280616070411871,0.294012954083287,0.31002991163067,0.303255854908088,0.27654500208111,0.273573678824156,0.280473939460677,0.310721922300864,0.34168971346153,0.349061655476729,0.319367754569374,0.352864284517371,0.285692533419442,0.294455756116497,0.311609536970266,0.323874466696949,0.32050159791472,0.375147302763435,0.412256960199051,0.411456081060598,0.423682740573713,0.424233864690922,0.440656931903863
Turkmenistan,,,,,,,,,,,,,,,,,,,,,0.099705867690314,0.097279232787089,0.094906218214154,0.079331135056084,0.090181982760118,0.100327153762268,0.0853579333837,0.035548933493355,,0.007325091465975,0.007163306677873,0.007029564003009,,,,,,,,,,,,,,,
Turks and Caicos Islands,,,,,,,,,,,,,,,,,,,,,,,,,,,,,,,,,,,,,,,,,,,,,,,
Tuvalu,,,,,,,,,,,,,,,,,,,,,,,,,,,,,,,,,,,,,,,,,,,,,,,
Uganda,,,,,,,,,,,,,,,,,,,,,,,,,,,,,,,,,,,,,,,,,,,,,,,
Ukraine,,,,,,,,,,,,,,,,,,,,,1.5014515195911,1.48540312619601,1.46694381409875,1.37940295899795,1.25491913292731,1.44827426762682,1.20194834084096,1.23824214621099,1.09229178857077,0.901251705174688,0.823055217114948,0.654123032286069,0.755658630131261,0.739909897939486,0.779927831455858,0.799023729790882,0.82020803757542,0.810781596276911,0.845602185475147,0.827693983638373,0.796364720284387,0.851060971097552,0.85713246128238,0.873259768569832,0.767605650747971,0.833232834588924,0.937596176868514
United Arab Emirates,,,,,,,,,,,,,,,,,,,,,,,,,,,,,,,,,,,,,,,,,,,,,,,
United Kingdom,2.16002241328912,2.04386608950849,1.89924148257406,1.89177027406762,1.83629822478787,1.72564160301509,1.52455685781057,1.33194681640106,1.43965594330604,1.26542864258922,1.27155603568999,1.29308810590137,1.29692990284404,1.26336192508071,1.35799077475745,1.26218826911406,1.25500878642875,1.16999413645136,1.18007793885159,0.837680942786902,1.11256971099693,1.19930156949065,1.22580644933935,1.18681072490126,1.13925834954442,1.13511486621375,1.13396236186223,1.06332050301415,0.923448101049972,0.859875644284312,0.818246257018226,0.762867727185666,0.678477946663176,0.659630742196702,0.584623724674911,0.623841203427306,0.658439769552934,0.6017882954476,0.639280554487074,0.611372702328434,0.621720611142766,0.676140974459689,0.630377123816186,0.581278278986572,0.485183321988801,0.50010511711265,0.493730541393157
United States,1.46313735927775,1.5174294070155,1.47371222166816,1.51078947819185,1.50312545350643,1.475485528972,1.38285974578924,1.42711699207023,1.51919055740842,1.46973368711741,1.45634256710196,1.54779614212799,1.57129696271986,1.53873671097536,1.66498612978433,1.69106169880608,1.72759615709371,1.64814866841241,1.69350991857191,1.80143531405303,1.82668140693514,1.7862931576728,1.84532974241738,1.91205439002601,1.91562720013811,1.907097164893,1.87086904138339,1.86574951480609,1.91653020821024,1.90424701086381,1.90079773824243,1.96455817902843,1.98213177639541,1.97733044837404,1.95087403405982,2.01416649095288,1.93395417486592,1.91346281126803,1.93098429613648,1.92522889767942,1.9345283650997,1.88827160142063,1.8964805396768,1.8495654734668,1.61279349291172,1.69495837827608,1.60322847011601
Uruguay,,,,,,,,,,,,,,,,,,,,,,,,,,,,,,,,,,,,,,,,,,,,,,,
USSR,,,,,,,,,,,,,,,,,,,,,,,,,,,,,,,,,,,,,,,,,,,,,,,
Uzbekistan,,,,,,,,,,,,,,,,,,,,,0.189830133943592,0.224642631193094,0.219211999369491,0.174018122934397,0.204353498208438,0.201801118855595,0.190522763614094,0.132650780262866,0.085762681019623,0.078426603870785,0.060603794425821,0.051226146647608,0.050522652631249,0.049735929156474,0.036780573514579,0.041371332532277,0.041928659224902,0.040751685814156,0.027069978483683,0.04831145625666,0.047866041679529,0.066682615052593,0.052067940512604,0.051469541183353,0.050869831731075,0.048640353245592,0.048054292849561
Wallis et Futuna,,,,,,,,,,,,,,,,,,,,,,,,,,,,,,,,,,,,,,,,,,,,,,,
Vanuatu,,,,,,,,,,,,,,,,,,,,,,,,,,,,,,,,,,,,,,,,,,,,,,,
Venezuela,0.003308524910711,0.00319977951386,0.003097231065104,0.002999028914438,0.002903244162447,0.002808810451921,0.002715925344282,0.002625126202942,0.002536422820331,0.002449883948997,0.002365740855012,0.002283826496483,0.002204592342216,0.002129326640907,0.002059353308145,0.001995175267169,0.001936663986539,0.00188288776991,0.001832568816166,0.001784282505211,0.001737184385446,0.001691083278636,0.001646315915402,0.001603263817596,0.01395753659062,0.011074322572766,,0.001453824146304,0.001421558945984,0.002596236940001,0.001361476010634,0.001333377897786,0.001306493827405,0.001280719224595,0.004395841232765,0.001232118672413,0.001209156165784,0.001187021768713,0.001165664512506,,0.00112510736337,0.00110583908471,0.001087215444461,0.001069233397077,0.001823287469355,0.066563475451242,0.068266551654521
West Bank and Gaza,,,,,,,,,,,,,,,,,,,,,,,,,,,,,,,,,,,,,,,,,,,,,,,
West Germany,,,,,,,,,,,,,,,,,,,,,,,,,,,,,,,,,,,,,,,,,,,,,,,
Western Sahara,,,,,,,,,,,,,,,,,,,,,,,,,,,,,,,,,,,,,,,,,,,,,,,
Vietnam,0.080556844612716,0.082557500748888,0.08831571850548,0.095679372268714,0.099616156674761,0.103966408633659,0.111623678241288,0.114331868964741,0.13045910378886,0.136686610813638,0.138528885366967,0.139460569120958,0.137546201417868,0.138848899769502,0.137495506045553,0.138080799135896,0.136104375793969,0.134694460036116,0.136811359911843,0.132863583526497,0.128702318898183,0.124279206007587,0.11689999422896,0.115171045714279,0.108320535748259,0.103402329569483,0.098516497142187,0.083737956101577,0.075570861382051,0.069253729653217,0.0659056478879,0.058246972408147,0.060150483420232,0.055065460573001,0.055593914765318,0.059727258217926,0.062589730994259,0.066086443428234,0.068127310970798,0.099388551323854,0.096294970445633,0.113231451986415,0.118577846479733,0.116623350973274,0.161102543460489,0.157961043021308,0.169193268276118
Virgin Islands (U.S.),,,,,,,,,,,,,,,,,,,,,,,,,,,,,,,,,,,,,,,,,,,,,,,
North Yemen (former),,,,,,,,,,,,,,,,,,,,,,,,,,,,,,,,,,,,,,,,,,,,,,,
South Yemen (former),,,,,,,,,,,,,,,,,,,,,,,,,,,,,,,,,,,,,,,,,,,,,,,
Yemen,,,,,,,,,,,,,,,,,,,,,,,,,,,,,,,,,,,,,,,,,,,,,,,
Yugoslavia,,,,,,,,,,,,,,,,,,,,,,,,,,,,,,,,,,,,,,,,,,,,,,,
Zambia,,,,,,,,,,,,,,,,,,,,,,,,,,,,,,,,,,,,,,,,,,,,,,,
Zimbabwe,,,,,,,,,,,,,,,,,,,,,,,,,,,,,,,,,,,,,,,,,,,,,,,
√Öland,,,,,,,,,,,,,,,,,,,,,,,,,,,,,,,,,,,,,,,,,,,,,,,
South Sudan,,,,,,,,,,,,,,,,,,,,,,,,,,,,,,,,,,,,,,,,,,,,,,,
Christian,,,,,,,,,,,,,,,,,,,,,,,,,,,,,,,,,,,,,,,,,,,,,,,
Coastline,,,,,,,,,,,,,,,,,,,,,,,,,,,,,,,,,,,,,,,,,,,,,,,
Cura√ßao,,,,,,,,,,,,,,,,,,,,,,,,,,,,,,,,,,,,,,,,,,,,,,,
Sint Maarten (Dutch part),,,,,,,,,,,,,,,,,,,,,,,,,,,,,,,,,,,,,,,,,,,,,,,
St. Martin (French part),,,,,,,,,,,,,,,,,,,,,,,,,,,,,,,,,,,,,,,,,,,,,,,
Antarctica,,,,,,,,,,,,,,,,,,,,,,,,,,,,,,,,,,,,,,,,,,,,,,,
"Virgin Islands, British",,,,,,,,,,,,,,,,,,,,,,,,,,,,,,,,,,,,,,,,,,,,,,,
Hawaiian Trade Zone,,,,,,,,,,,,,,,,,,,,,,,,,,,,,,,,,,,,,,,,,,,,,,,
U.S. Pacific Islands,,,,,,,,,,,,,,,,,,,,,,,,,,,,,,,,,,,,,,,,,,,,,,,
Wake Island,,,,,,,,,,,,,,,,,,,,,,,,,,,,,,,,,,,,,,,,,,,,,,,
"Bonaire, Saint Eustatius and Saba",,,,,,,,,,,,,,,,,,,,,,,,,,,,,,,,,,,,,,,,,,,,,,,
Sark,,,,,,,,,,,,,,,,,,,,,,,,,,,,,,,,,,,,,,,,,,,,,,,